{"cameraMode":{"drawMode":0,"name":"Shaded","section":"Shading Mode"},"sceneLighting":false,"audioPlay":false,"sceneViewState":{"showFog":true,"showMaterialUpdate":false,"showSkybox":true,"showFlares":true,"showImageEffects":true,"showParticleSystems":true},"in2DMode":false,"pivot":{"x":17.08258819580078,"y":0.680250883102417,"z":2.2114250659942629},"rotation":{"x":-0.07036270946264267,"y":0.9279286861419678,"z":-0.22796326875686646,"w":-0.2864210605621338},"size":22.0,"orthographic":false}