{"cameraMode":{"drawMode":0,"name":"Shaded","section":"Shading Mode"},"sceneLighting":false,"audioPlay":false,"sceneViewState":{"showFog":true,"showMaterialUpdate":false,"showSkybox":false,"showFlares":true,"showImageEffects":true,"showParticleSystems":true},"in2DMode":false,"pivot":{"x":16.520000457763673,"y":-0.050000011920928958,"z":-1.0199999809265137},"rotation":{"x":-0.09290336817502976,"y":0.8808804154396057,"z":-0.1941152811050415,"w":-0.4215976595878601},"size":3.2459328174591066,"orthographic":false}